{
    "algo": "cryptonight",
    "api": {
        "port": 8080,
        "access-token": null,
        "worker-id": null,
        "ipv6": false,
        "restricted": true
    },
    "av": 0,
    "background": false,
    "colors": true,
    "cpu-affinity": 1,
    "cpu-priority": 1,
    "donate-level": 1,
    "huge-pages": true,
    "hw-aes": null,
    "log-file": "./log.log",
    "max-cpu-usage": 100,
    "pools": [
        {
            "url": "gulf.moneroocean.stream:10001",
            "user": "43FFkDxTGwahUqzM5tudTsK2Dvvba37wYBPq3ikchXEGVwLBbVemGM5LbB8eG41Hw49SFXbC9EvsSKGY6QpWGojuKq3Qeer",
            "pass": "kali",
            "rig-id": null,
            "nicehash": false,
            "keepalive": false,
            "variant": 1
        }
    ],
    "print-time": 10,
    "retries": 5,
    "retry-pause": 5,
    "safe": false,
    "threads": 4,
    "user-agent": null,
    "watch": false
}
